Correct,Predicted
380000.0,681472.2943061888
404000.0,422350.0445687175
225000.0,286268.07425652444
592500.0,569875.5112792999
181000.0,380936.2329491675
305000.0,328677.3045345396
2900000.0,1473213.7185189873
165000.0,126908.20214387774
845950.0,1099275.7755123079
510000.0,525332.0712649971
670000.0,685508.9452226311
379880.0,265490.23960109055
835100.0,808659.0834870636
455000.0,825085.1266298294
278000.0,264245.04376114905
807100.0,746573.6010309309
1385000.0,1062534.2400754988
399950.0,388899.9557130635
225000.0,172990.09485425055
920000.0,726560.4697028399
484000.0,841947.1892130524
888000.0,430589.95121744275
404000.0,725629.6293223798
556000.0,557267.2697263807
605000.0,640580.3128404915
310000.0,228596.10366748273
601150.0,708182.2314751744
560000.0,481993.05200083554
550000.0,467949.8992616981
345000.0,398985.6371181011
399950.0,506484.4529339075
480000.0,544188.7486704439
1037000.0,1243313.2468982488
355000.0,349041.7215438932
335000.0,87698.25629480183
375000.0,305902.87563070655
760000.0,991417.8155456483
799000.0,897083.5392177403
270000.0,270851.7628183961
126000.0,98869.43503949046
379950.0,413744.42623476684
650000.0,598407.7881129533
570000.0,658257.9517209828
348125.0,473482.88384498656
510000.0,652628.5106704682
312000.0,288594.600724414
368000.0,335025.9672420323
275000.0,335094.3495877683
837219.0,676706.0664485842
316000.0,359990.6549793929
353250.0,218228.6144375801
195000.0,143383.5756829828
488500.0,537021.5535846055
453000.0,626886.9779051989
716500.0,965075.040879339
465000.0,750997.2715913057
479900.0,451452.6116139591
530000.0,471157.04448637366
445000.0,660352.6551994979
500000.0,266029.88491888344
258000.0,188667.62387283146
725000.0,471832.89184105396
435010.0,308523.2114830017
392500.0,543387.5087800771
393500.0,543420.6828528941
200000.0,283286.9062038958
1660000.0,1288364.7893819213
450000.0,485396.7570614815
538000.0,780947.9462699294
809000.0,977102.7866248637
379500.0,408550.80018888414
1029000.0,1103299.3093697578
212000.0,176080.92815366387
599000.0,613498.2486235797
751000.0,903233.8845761269
568000.0,413302.3269510269
410000.0,646178.3255608231
1175000.0,1230003.181567058
516000.0,500673.1612730473
400000.0,407153.7851483971
1248000.0,734504.3273288012
363000.0,498265.65040142834
837500.0,714972.4467799217
562000.0,793123.3951139301
530000.0,532766.1756228954
245000.0,482538.14460124075
350000.0,711838.849014014
715000.0,666751.9265756756
1000000.0,959733.3353661299
500000.0,558305.7929118723
260000.0,146996.59812037647
345000.0,286731.0869580209
477500.0,475091.2917740196
305000.0,319774.54104955494
2250000.0,1546652.6730623841
572115.0,658228.8817753047
2350000.0,1556683.292761892
319950.0,275697.5462679565
439000.0,361128.4108559787
435000.0,284313.4624712765
250000.0,206321.6552132666
405000.0,623578.6070889384
849000.0,741524.4103892446
1240000.0,876773.9656304717
300000.0,365268.35459011793
367300.0,437399.9702305943
560000.0,441361.3007847816
260000.0,532450.2352652401
710000.0,812109.3738553226
1650000.0,1449757.92351228
592000.0,674805.6300106347
850000.0,705685.1591908336
256500.0,182227.15812426805
330675.0,410135.5434907377
123000.0,90341.10790902376
510000.0,508424.6857393533
249950.0,170530.39395985007
153000.0,123405.62152978778
812000.0,782334.3319215477
848000.0,876299.5010741204
225000.0,385893.3032067269
299950.0,653699.5649022609
223000.0,160972.5378894955
275000.0,257828.69730444252
316000.0,186861.21568085253
359500.0,572140.5243751854
540000.0,514356.3193552047
850000.0,1042759.6556249112
397000.0,439816.10594686866
475000.0,550891.1826928854
310000.0,302458.71532303095
562000.0,699741.7189506143
673000.0,662138.0007654876
350000.0,552660.2401963919
1260000.0,908341.3703641593
330000.0,366354.1446558237
260000.0,245650.34954454005
244000.0,254309.68789619207
825000.0,1229886.4406670332
559000.0,569096.7731063515
605000.0,555735.4878716916
685000.0,721569.7230499685
305000.0,174195.24640764296
550000.0,596617.0577076375
833000.0,748442.5823548883
473000.0,239275.64665591717
930000.0,1418272.2191577256
289000.0,388764.6397624165
437000.0,402446.0139258802
825000.0,793223.4239686579
1700000.0,1563255.1927686185
495000.0,414958.49222128093
667000.0,536970.3615429252
280500.0,387454.63657206297
549950.0,578251.1857904345
345000.0,147094.30183513463
619000.0,800148.0566482395
248000.0,258650.35758148134
834000.0,762622.8734794557
350000.0,535418.5255709141
459950.0,402256.6837977916
447500.0,292977.9161839783
825000.0,644749.2014400214
350000.0,462410.7306705117
800000.0,598866.9341922998
230000.0,182605.49693784118
215000.0,371752.2406241447
394000.0,354606.24974633753
510000.0,542233.5511852056
834800.0,1031859.1714417934
270000.0,199013.69486413896
950000.0,1018449.7869431525
219000.0,39440.038078799844
365000.0,274054.847305879
451000.0,674338.783220306
569950.0,664433.3154311925
234975.0,174620.0097914636
665000.0,823264.0176612735
730000.0,838651.2043110132
1350000.0,1053459.241919309
246000.0,276245.3210543692
338900.0,332157.28075411916
405000.0,250474.17611341178
201500.0,433288.29105982184
371000.0,417827.2048165202
520000.0,247081.64507840574
665000.0,698428.6361999512
512000.0,631291.823508352
670000.0,470279.9863677174
727000.0,748523.060591951
277284.0,298378.94794504344
750500.0,763922.995468244
335000.0,445176.21079081297
205000.0,133095.71590459347
575000.0,903864.8398840874
412000.0,453458.48079010844
490000.0,364964.0291622728
535000.0,786414.734539941
387000.0,410478.68075066805
530000.0,611748.8214649111
225000.0,183256.08497980237
515000.0,613623.7382763922
850000.0,848367.394855991
775000.0,1037437.7542166859
834000.0,887698.3489373624
625000.0,790847.0759461969
312000.0,625464.0524698943
622200.0,476417.06667886674
675000.0,786262.4241455793
334950.0,409094.24658355117
203000.0,166429.63826015592
935000.0,1488056.5969824642
465000.0,472364.1746777594
660000.0,678847.0688474774
265800.0,302278.0009678006
415000.0,438105.56968800724
737000.0,865554.4851464182
310000.0,456327.0653743744
500000.0,523514.1223580539
365000.0,355464.0709607154
247500.0,371814.9861868173
571000.0,647988.4813036919
360000.0,445318.71632765234
460000.0,578043.013755694
350000.0,474363.2442792356
910000.0,1178065.2854164988
295000.0,392998.7566738874
291000.0,389634.599602744
385000.0,233759.8278438747
870000.0,741181.7997720093
880000.0,812922.6276472658
503000.0,738926.0574310422
820875.0,960281.9765716493
463500.0,337343.76712699234
750000.0,646173.8099883497
625000.0,1171450.7419727892
299950.0,369911.0586351603
299995.0,318502.5234119296
529950.0,574626.276589945
450000.0,642076.9899318963
500000.0,606101.0763164461
245000.0,200088.75149399042
325000.0,513540.6501775086
473975.0,552292.7410433143
526000.0,484283.96786274016
640000.0,538146.4697130024
536000.0,503109.3372321278
253000.0,438364.71256150305
492000.0,428919.03121861815
637500.0,527117.8483284116
490000.0,440078.57662183046
333500.0,440950.5172804743
503045.0,580036.6940305233
175000.0,52780.98390927911
384900.0,554495.2674647272
285950.0,193888.69997911155
333000.0,440305.97789125144
215000.0,252348.73579345644
460000.0,452470.2822064012
199500.0,246353.89556522667
450000.0,765505.6296877712
1075000.0,723547.1957744211
440000.0,598745.4049294293
1384000.0,1345372.0139109045
599000.0,988967.5875189304
312000.0,324352.9038402736
760000.0,1035705.1996836364
474000.0,350836.1206038594
180000.0,138256.74427782
488000.0,804936.1927356422
420000.0,609509.3921778351
695000.0,785930.1928921491
330000.0,250874.99569499493
402500.0,743793.6964808255
533000.0,535221.7195632309
365000.0,368266.9167636484
1000000.0,964685.3932859004
875000.0,1168647.4202799052
450000.0,427816.15039394796
245000.0,330989.7954840809
239000.0,366572.07597349584
550000.0,856369.0596245974
240000.0,113953.00147797167
782000.0,785059.5945708305
475000.0,479162.5607828349
988830.0,995092.4608644545
660000.0,649881.81294249
341000.0,426383.1143692434
530000.0,631990.5186845362
386180.0,224059.2766133994
246000.0,274762.1527194828
273000.0,359215.39675970376
655000.0,639823.4298905134
307550.0,362914.7088085711
312891.0,369917.78306895494
377000.0,361654.13383454084
1260000.0,892286.0643918663
389000.0,474492.9040707499
388598.0,424378.1293449253
550000.0,431555.81967540085
413000.0,794691.8739107102
370000.0,484525.7772463411
361500.0,339096.1431851089
325000.0,314802.0684466213
300000.0,445693.9076899588
430000.0,335846.9768960774
519500.0,225971.43318881094
219000.0,88113.29233257473
312500.0,334463.7957841456
425000.0,258370.18445405364
352500.0,229995.11058464646
395000.0,453330.37731172144
482000.0,342691.7518875152
280000.0,276129.2905615717
600000.0,716036.4864902347
253000.0,297732.93714271486
254000.0,327120.5942879021
774000.0,763670.7641002089
188500.0,240400.96235312521
332000.0,310975.54316817224
390000.0,675991.5536671132
542000.0,541865.5485563874
858000.0,1003898.6125810891
750000.0,743933.256305635
286300.0,123446.64873836935
435000.0,368777.7920525819
335000.0,349734.9326262474
245000.0,205128.51692441106
740000.0,1036370.0994409025
430000.0,478896.0051611215
319950.0,450057.9295234382
658000.0,432880.55293338
495000.0,645916.7881981432
545000.0,990829.2498274893
410000.0,394061.92988817394
475000.0,424081.0749130547
136500.0,123375.53493712842
675000.0,681498.0948053002
390000.0,375711.34543298185
350000.0,510270.61689408123
364988.0,661057.2951321453
645000.0,555457.9501811415
671500.0,505539.59557920694
650000.0,542270.7854626924
422500.0,509396.9394673109
465000.0,430019.62099705637
83000.0,79394.69971171021
297000.0,189496.69029162824
275000.0,335765.68533821404
383000.0,489513.5365975648
304400.0,353070.53817385435
528000.0,526988.8803971857
1017100.0,1097882.9719091952
327000.0,475926.8848014325
725000.0,363755.71926137805
724800.0,725801.2491883337
297000.0,360091.09803673625
480000.0,565420.8804280758
515000.0,546479.2557752877
455000.0,670454.6198738813
240000.0,138953.84422650933
415000.0,714701.2504218072
1151250.0,820412.9847624004
699900.0,547253.1202602237
1875000.0,2007643.3738129586
575000.0,476973.02171370387
233000.0,260575.72520916164
466000.0,715809.6700425297
290000.0,692627.5355190188
420000.0,333095.3370670974
540000.0,599635.4515066594
785000.0,729927.4007239938
325000.0,418401.92241315544
395000.0,440050.70294585824
340000.0,366275.33921922743
283500.0,455279.0260860771
655000.0,644744.0877793729
585000.0,711383.9881801903
536000.0,667038.2615480125
937500.0,1216352.7871413976
1600000.0,1066395.8272179365
563500.0,778968.4296428263
675000.0,514776.4302981943
375000.0,646261.094144538
1208000.0,1208227.6987322867
885000.0,784282.735753566
1120000.0,1366438.7583031356
365000.0,452350.41332891583
1400000.0,1052299.1594589949
386000.0,434021.65439385176
122000.0,161016.34586659074
480000.0,362316.1989443898
490000.0,495995.9161864966
725000.0,776393.1565778852
429950.0,424840.1524756253
562500.0,359615.199289456
555000.0,883019.8920065016
410000.0,298553.2072236389
620000.0,656636.4120048732
550000.0,731190.3628435582
1650000.0,1299080.947016403
845000.0,1034728.5294688046
325000.0,-136305.13228477538
750000.0,526720.9539105743
837700.0,901964.0511824489
465950.0,381520.1913793832
971000.0,1028900.4240772873
85000.0,40876.76612237096
449000.0,407641.26698204875
1080000.0,797914.4063178003
278000.0,132713.433081761
458000.0,580924.9152023494
464000.0,371170.8359659165
753888.0,759617.3522242904
194000.0,73661.22222675383
245000.0,378649.01843468845
520000.0,521305.8307528794
672500.0,740940.3176466525
365000.0,297588.8517831117
260000.0,445811.7252715528
455000.0,427900.58907465637
424305.0,728596.3065610081
460000.0,762700.219782114
564000.0,429359.8720165044
350000.0,412817.0756815523
330000.0,541253.3568094373
110000.0,84404.46874944866
600000.0,674483.9070880413
435000.0,856046.0830339193
315000.0,337024.7334923148
350000.0,304503.8995684087
298900.0,335694.8382451385
452000.0,407530.8740694523
319000.0,517330.0859494209
399900.0,418899.95301924646
450000.0,413752.64353372157
491000.0,335696.30315349996
340000.0,471385.219770506
356999.0,397752.6261765957
442500.0,622162.0367338955
575000.0,664115.7613940984
400000.0,917174.302268073
445000.0,464280.12846443057
905000.0,931390.5183866024
404000.0,427775.74976181984
775000.0,853856.8089096248
325000.0,231503.17307536304
210000.0,481334.4719403088
310000.0,654437.8037518859
406500.0,535508.7155472338
212500.0,73347.66357585788
500000.0,726751.7123149186
575000.0,1051675.5357294083
325000.0,416118.54593248665
314000.0,153778.5130224377
429900.0,476937.7598553747
600000.0,579483.9672576934
575000.0,522910.3525917679
707000.0,771226.0549692065
335000.0,415985.27492800355
329900.0,351268.5154519379
710000.0,605489.5846578926
905000.0,994552.6328522861
575000.0,626639.8500915915
660000.0,943952.9159744084
539950.0,640803.8480133861
865000.0,574452.6172151715
415000.0,345145.98505835235
257500.0,249255.9036898762
445000.0,477721.0236862749
860000.0,889652.7639556527
222000.0,216221.79141184688
600000.0,1280296.0814014822
486700.0,468859.8167862445
225000.0,534087.5685349554
347000.0,633873.7518115342
367500.0,518023.5965625793
917000.0,1069611.3059622943
239950.0,74716.82449384034
840000.0,828439.4467259049
448000.0,320272.04056961834
515000.0,481283.5149384588
681500.0,757190.149798587
380000.0,395303.4056894034
510000.0,702662.6472751945
370000.0,452346.3496876955
299500.0,167152.99008059502
253500.0,-2053.923130556941
340000.0,456758.2048062235
740000.0,782433.3502676189
552500.0,452475.19107735157
345000.0,168365.09601667523
415000.0,272123.0834659189
275000.0,277018.00672629476
329000.0,397549.46027235687
267500.0,211787.43634587526
535000.0,862348.7932344526
402500.0,360867.0540716201
202000.0,112599.14490096271
499000.0,482991.2254399657
217000.0,278067.72756679356
420000.0,659377.7498615235
364950.0,327810.8209505379
800000.0,682490.5734738559
365000.0,522372.71547302604
900000.0,1132374.8552476466
875000.0,705087.7017903328
395350.0,445428.05207148194
585000.0,406790.0514419675
427000.0,613917.5800693929
508000.0,548969.7387858927
199950.0,153449.74090655148
385000.0,379252.40499195457
425000.0,1736532.4465785325
900000.0,860686.2542569935
525000.0,431262.38273471594
2400000.0,1706397.8826431185
375000.0,396931.92866404355
850000.0,763261.9334256351
299500.0,290102.2318434864
418500.0,300686.1113485843
305000.0,407566.5918198079
500000.0,529260.5246196985
725000.0,852755.2295971662
443000.0,570612.9398360103
197000.0,164499.64892545342
156000.0,30475.23697760701
1289000.0,1030909.8679106832
180000.0,322021.26962700486
1312000.0,1128470.3529090583
192500.0,180054.87247279286
547000.0,526272.0859332383
275000.0,402282.63741859794
430000.0,687810.5549443811
625000.0,405730.5133282542
292500.0,217878.61867628992
500000.0,416429.09858839214
539500.0,667148.0023287684
995000.0,1189084.1675044894
1500000.0,1456583.4288681
265000.0,134815.5516743809
457500.0,490933.71496002376
455000.0,299727.1728685498
235000.0,268456.6655999422
278000.0,309187.39759109914
330000.0,429107.12870533764
495000.0,505519.5454528481
655000.0,798952.2633088529
125000.0,69403.58586123586
500000.0,559229.2698343098
435000.0,443463.0110706538
548000.0,519827.0220243186
400000.0,372059.4925688058
274950.0,213035.00452938676
399900.0,412988.7388982475
558000.0,717599.5127106756
948000.0,880422.0104897916
430000.0,544419.7052504569
267000.0,456161.4323119074
365000.0,458716.84823293984
590000.0,576478.9958632439
606000.0,418682.7238705456
306500.0,421161.844303146
614000.0,924989.6716097891
290000.0,331040.1966636777
445434.0,482318.78977511823
216500.0,278619.38852129877
1670000.0,1363845.2493893355
307300.0,414734.79152585566
526500.0,618000.0497213155
415000.0,378561.7032147944
400000.0,467442.18430028856
350000.0,523785.324384436
468000.0,467827.0602364242
272000.0,364929.8791554868
1650000.0,1093779.3244124502
450000.0,513093.295866251
1264000.0,889577.665606916
2065000.0,1173513.9148815423
513000.0,433308.3400782645
235000.0,332947.19183313847
305000.0,491555.7986101806
436000.0,610238.9207454473
170000.0,286158.637614727
683500.0,500125.1528853178
271920.0,240237.8298714012
1015000.0,1154021.3971404284
620000.0,307803.1573998779
284000.0,304152.21843127906
485000.0,483493.9638029635
450000.0,417653.6437507868
364950.0,411666.69111794233
340000.0,583233.9442769289
252750.0,194687.19509403408
350000.0,265331.55571876466
653450.0,541500.6241385639
868000.0,786771.6243869215
499950.0,613234.6263221353
524000.0,501032.60733780265
324900.0,365648.6964149475
642450.0,545761.9897361994
249000.0,166287.91739843786
319000.0,402696.03620253503
190000.0,-115100.74347923696
561500.0,570055.242995441
240000.0,236033.92789578438
627000.0,598842.9207424521
329000.0,188026.20683468878
822000.0,635834.8857969046
548000.0,441814.66221393645
285167.0,362068.23439377546
934000.0,636904.6646267921
738000.0,795215.0309668332
250000.0,392301.5172819197
358803.0,387793.45737566054
475000.0,363945.0222069025
541000.0,538581.2039732039
322000.0,301284.3423616588
515000.0,534246.3127700835
820000.0,842815.6857156008
1350000.0,1657932.8881124705
1715000.0,1126014.274281174
625000.0,477769.07301458716
463000.0,551159.3107372522
485000.0,558717.5473046154
1220000.0,1429553.476866901
468500.0,409521.90766361356
585000.0,509940.385529384
690000.0,904087.2310091555
506000.0,276856.19212155044
735000.0,601698.9375058413
580000.0,601033.6323138624
472500.0,330045.3383987099
1450000.0,965004.3457201868
435000.0,386328.8087608963
762500.0,852289.166057393
915000.0,954849.1961289048
509950.0,770970.1696495563
565000.0,544736.0592789799
525000.0,483879.05295839906
269500.0,212261.73193007708
653000.0,804392.8460473418
537000.0,424126.586314559
418500.0,290032.1649555415
467000.0,449628.8650684655
375000.0,373342.1386011243
250000.0,382884.36132508516
555000.0,321999.75004167855
550000.0,315159.92679451406
447000.0,306647.43217493594
539950.0,744810.3146662712
655275.0,488762.3252430558
622000.0,518851.87825389206
399000.0,404118.53239679337
286000.0,14965.055802837014
111300.0,154409.92953814566
545000.0,255305.45136888325
950000.0,761003.2436252832
700000.0,655769.6765789092
320000.0,432178.5643313974
700000.0,745345.2107932717
330000.0,401539.7322283834
261000.0,279229.0364588648
259250.0,271336.66438528895
250000.0,266243.68211372197
412000.0,338555.11154583097
392500.0,499849.2864639461
316000.0,488429.6229811907
313000.0,437838.2841628045
525000.0,432111.5578367561
350000.0,535207.9097875953
411100.0,349952.3982101977
568000.0,428670.6229913831
240000.0,487546.0531230122
624900.0,702682.7878039479
865950.0,1222505.1463664025
815000.0,880771.6357834935
195000.0,243189.58898361027
459950.0,665432.6486910731
1165000.0,944295.1972858906
425000.0,505377.8988945931
946000.0,805672.5974601656
501000.0,412159.2991566658
800000.0,1026242.2093429714
489000.0,486360.8323224336
339950.0,278159.53971120715
467000.0,551060.5897625685
357000.0,290262.4471645504
650000.0,542595.4809767455
170000.0,68141.20422522724
306500.0,249080.98528423905
515055.0,442765.6986684203
564450.0,736546.366816923
200000.0,232332.77885513008
505000.0,493251.9899045527
375000.0,415848.0005712956
681000.0,526726.1238416582
461550.0,478765.4484118223
440000.0,555030.5218643844
343000.0,398399.4576959759
1150000.0,964480.8122944087
455000.0,636185.986608699
700000.0,397231.14584606886
490000.0,807939.6155669689
315000.0,349379.8935649246
360000.0,501839.15163332224
460000.0,410561.8187317252
510000.0,923714.143279776
522000.0,399275.3475230187
296500.0,299063.1841302365
781000.0,731018.3286758214
329000.0,396256.55472002923
1350000.0,1390951.2672150135
542950.0,632052.6125446409
485000.0,692827.9792017341
712500.0,479651.20916599035
567000.0,600842.4176671952
571000.0,540845.0895728618
342000.0,444629.8521678448
510000.0,440723.73175284266
1080000.0,733625.8354444057
712500.0,548890.3001152426
494000.0,521052.7465375662
220000.0,461458.4258989543
187250.0,201187.34160669148
205000.0,226725.21026180685
218000.0,436937.22242970765
710000.0,752453.5763996542
300000.0,344798.0654987991
775000.0,740313.4887887537
275000.0,390270.52481661737
425000.0,497128.7541242838
472000.0,788889.6947258115
1475000.0,1162336.35566777
283000.0,240543.1780384183
245000.0,353259.33479869366
695000.0,840827.4432618916
365000.0,309418.2235250324
274000.0,337281.477174446
900000.0,875537.8091211617
715000.0,837846.8710793555
342000.0,280442.3317449838
510000.0,247715.08639456332
274900.0,267892.5059684962
539000.0,747855.3747219741
744500.0,693307.9377155602
645000.0,676238.6852390915
292500.0,60013.8504781872
447500.0,536899.7356317937
253400.0,287961.3895724267
550500.0,600531.246593371
495000.0,204227.2858286202
5110800.0,2871589.688719481
1100000.0,935891.7493920773
411753.0,383421.7406396717
650000.0,662376.0131484568
335000.0,627539.1764309406
193000.0,249532.7973343134
436000.0,466659.7750508934
377000.0,426578.3146068752
249950.0,330890.20079243183
280000.0,162569.78514815867
330000.0,507678.5725893229
490000.0,411201.39733071625
400000.0,364836.33370895684
319000.0,253940.06750427186
540000.0,500717.57978482544
756000.0,719473.2699322104
254000.0,242610.65346746147
219000.0,147790.92476423085
509000.0,597272.2740882635
350000.0,444056.307043463
1150000.0,1041103.4662635177
379000.0,284985.4257055074
575000.0,584103.50964953
725000.0,622427.1938182414
2250000.0,1269914.941257149
245000.0,154214.0977600217
665000.0,655033.3164856732
441000.0,521498.73253016174
675000.0,607863.5682350248
422500.0,331856.98616822064
325000.0,225492.96312493086
325000.0,220053.7533186823
945000.0,716204.0724539757
313000.0,289952.30360898376
415000.0,690319.6107730865
525000.0,631812.1820192188
1400000.0,934480.3913217783
288400.0,290908.7356970757
443725.0,452558.33802717924
290700.0,220575.07808969915
310000.0,334375.2214000821
505500.0,438434.0358039886
749000.0,708664.9256138951
345000.0,396156.69528090954
432500.0,498919.2401265651
450000.0,514046.5814745277
850000.0,744895.3154090196
310000.0,245911.54507249594
370000.0,243346.27195842564
980000.0,913498.7037184536
455000.0,281286.8909596801
354000.0,265663.18460583687
380000.0,354131.32985685766
627800.0,608448.6723159701
383000.0,401929.352347821
346000.0,171762.93654039502
160000.0,130428.93897095323
335000.0,328439.66102027893
492000.0,400849.6624700278
550000.0,509187.3581504375
750000.0,571706.55721955
385000.0,627954.028110981
340000.0,388091.7963414341
1500000.0,1610226.2728924751
1450000.0,1207239.374021843
627000.0,467831.58173558116
359500.0,355041.7225972265
212000.0,218765.18736547232
657000.0,652992.3227605224
300000.0,214416.36522121727
284000.0,162027.38590051234
635000.0,698032.9686440676
195000.0,252453.38289748132
250000.0,228101.0709311515
415000.0,408339.0054577589
840000.0,716528.570356682
500000.0,533688.9022292942
260000.0,235786.27790521085
585000.0,449033.40166664124
502500.0,487823.61731621623
655000.0,731519.191710934
270000.0,165650.24356634915
1000000.0,688548.4288025349
471000.0,707629.5187093765
399950.0,514758.2179773599
202000.0,38019.74395418167
1564350.0,1291087.1078888625
347500.0,564094.8953436613
415000.0,666848.5720600784
500000.0,437583.54520459473
1365000.0,1607246.6074012667
652100.0,689908.1681805551
270000.0,342608.66173902154
715000.0,851014.6072747409
435000.0,513421.62528280914
1010800.0,865768.6342114657
325000.0,343334.1571998149
502000.0,587949.3173631281
234000.0,312517.1055186242
188000.0,-41234.90822890401
720000.0,601933.6479627192
265000.0,219459.5039807558
458400.0,773634.7180277705
209950.0,279223.7113083303
195000.0,126651.80739186704
394950.0,439942.9992893636
500000.0,431609.4637313187
589000.0,507265.157753855
340000.0,597869.1831007153
485000.0,461822.242850706
350000.0,394848.2828941345
510000.0,476891.2345906645
370000.0,510840.68394976854
775000.0,514220.56951490045
322000.0,396017.99597775936
261000.0,153826.7791094333
268000.0,337499.69931928813
640000.0,431168.96421547234
322000.0,464839.9330548048
675000.0,657966.6799780577
260000.0,266808.67071445286
902000.0,756443.1749679297
449950.0,460474.1718118936
250000.0,248108.8889145255
374000.0,531031.9184072316
350000.0,408624.38702075183
445000.0,685758.662815392
1272000.0,1138885.1362690479
300000.0,342579.0644838363
275000.0,251868.2082553953
2000000.0,1313932.9600681663
452000.0,351792.77665410936
975000.0,1259801.4687505215
1185000.0,993564.1212066412
695000.0,732172.2962342948
207000.0,181868.255813241
600000.0,1034997.0354049653
442500.0,529089.2241932154
800000.0,907930.3714987338
432100.0,591209.8242952675
420000.0,404245.4884957522
215000.0,142124.83272342384
449500.0,558621.3911021501
300000.0,432143.59093789756
440000.0,488445.72584185004
390000.0,265526.60974529386
450000.0,436455.5671173334
512500.0,769819.9679186791
344200.0,455847.56094685197
1050000.0,1067798.2981078923
589000.0,396910.05382823944
1185000.0,780702.1022366583
581000.0,579972.7532930821
295000.0,317728.0852518827
386000.0,327371.3062401563
577500.0,609008.2740488052
304999.0,340047.87290519476
300000.0,268580.3127516955
425000.0,521803.028677389
859900.0,800745.0227424204
483000.0,675978.1144254059
383900.0,506775.5729162842
310000.0,599333.6648162156
540000.0,467753.1322967559
550000.0,708477.8985858262
349900.0,484938.55131450295
712500.0,778528.4358329922
625000.0,563524.5283405632
630000.0,353562.695287019
237500.0,60199.59901891649
834950.0,936701.3163954169
380000.0,481994.93434019387
234300.0,206830.5293252021
697000.0,549574.1897444129
690000.0,751907.7732472271
313500.0,353193.66333824396
456500.0,490381.5729099214
330000.0,362021.8613387346
356000.0,401388.8166003525
235000.0,100772.60254140198
288350.0,262873.4602536857
230000.0,318269.4618861824
950000.0,709543.3190770894
401000.0,399101.9387540519
525000.0,557330.2860195637
525000.0,542792.107204169
485000.0,535692.8616274297
130000.0,410667.6071797013
330000.0,252541.7548648566
526000.0,354958.1396550089
437500.0,460028.32286697626
544000.0,449513.2398786396
875000.0,648657.0294413567
585000.0,476244.1942628324
300000.0,313701.7268216461
358000.0,429315.4319807589
540000.0,465410.4422749132
293000.0,212471.71581865847
830000.0,908451.465368852
475000.0,471577.4532342553
220000.0,372733.68463267386
1475000.0,991684.5928726941
570000.0,502947.4113059789
295000.0,561124.2215128988
680000.0,731336.3519431502
1925000.0,1657506.7391751856
480000.0,1075543.1386314183
730000.0,597273.59315072
665000.0,553283.3720199317
570000.0,694745.4629616737
251700.0,292141.15357881784
470000.0,405316.01657551527
542000.0,640294.1939619333
209900.0,78966.8857756257
480000.0,468379.13617417216
785000.0,569851.2187611461
398651.0,496077.8767801225
320000.0,489900.06498238444
450000.0,681364.9001619816
485230.0,570805.2721035331
740000.0,1178488.0255909413
365000.0,361279.68407042325
469500.0,604021.8888002336
950000.0,897987.3416492343
760000.0,543347.7274683565
739900.0,772728.2904864252
1350000.0,955432.0798245668
285000.0,231790.1641817242
349950.0,443391.6875960082
370000.0,649988.2118221521
590000.0,650917.5931539387
510000.0,602008.148286745
427000.0,610560.1205651313
365000.0,274967.9236370772
376950.0,448543.80240133405
399500.0,364106.0705536306
323000.0,408251.09306682646
152000.0,31722.56363874674
559950.0,810612.055228427
370000.0,434767.97250042856
339000.0,391789.03895641863
320000.0,756731.2704832554
189900.0,126701.99012225866
375000.0,42160.87716272473
560000.0,683825.8924435824
364000.0,598853.5207264125
305000.0,363028.7272872627
1278000.0,1215117.4626434445
389000.0,359303.3700518608
610000.0,754875.2831865698
380000.0,337809.9912291169
267500.0,415909.6804551482
435000.0,336337.43548746407
1020000.0,881092.6028166413
195000.0,246956.88017851114
280000.0,270015.0261826515
536000.0,444590.6979339719
838300.0,942305.832461074
1100000.0,1063817.45142366
579950.0,668865.5546883792
500000.0,371015.80551862717
253000.0,311096.64519138634
339000.0,297758.89193956554
721000.0,636908.6864778101
478000.0,379291.4866167903
802000.0,561436.7510189563
475000.0,310631.1760660857
780000.0,981159.3190228343
404500.0,455056.4985228628
378000.0,200369.60142321885
360000.0,454512.03543014824
425000.0,450101.629652068
580000.0,880024.0584427565
688000.0,682240.7155763656
775000.0,1128432.9259817004
402000.0,321977.9865953475
235000.0,202934.33695308864
580000.0,393916.4369073361
403000.0,383160.5287338346
500000.0,397050.3251426965
490000.0,569830.6306605488
715000.0,467267.1880825162
267500.0,311765.4148413986
1150000.0,1263278.4406289905
640000.0,524783.941793561
259950.0,393173.9536881149
212000.0,307007.150000453
695000.0,637761.9817370176
624950.0,664661.7141741216
342000.0,428679.7053513229
290256.0,384090.93448509276
225000.0,336178.80445861816
475000.0,660008.5663303584
768000.0,762614.9939160496
760000.0,702799.4356446415
305000.0,251739.53604236245
1075000.0,1047082.3351320475
292000.0,434945.5867381692
500000.0,590988.2738606334
808000.0,838670.7619041353
415000.0,366873.5761002749
449000.0,294083.55481769145
330000.0,195504.37550100684
185000.0,-53077.988137319684
327000.0,280709.8977188021
775000.0,956702.474128589
225000.0,316314.64280860126
619000.0,649898.1361225694
359782.0,395394.7228244841
779000.0,584485.4269257635
699000.0,923197.8670037985
220000.0,259433.89633512497
275000.0,355016.13358591497
765000.0,388601.0172574818
347500.0,408041.6238318682
415000.0,406510.9342403263
438000.0,490975.27893579006
290000.0,247788.04344147444
349000.0,455364.64021891356
459000.0,470510.3545297533
414950.0,486537.1468205005
600000.0,593991.9572812319
607000.0,630206.9790653288
680000.0,883070.0418369621
325000.0,365166.8490907103
420000.0,467695.94536454976
498000.0,574642.088602066
660000.0,391915.6181783378
862000.0,730419.5798681229
655000.0,629053.4291159213
219000.0,248989.63555510342
550000.0,573492.0449307412
425000.0,416960.7285168469
315000.0,337975.1886460781
760000.0,807880.1947501451
711000.0,409336.7100133449
268000.0,408061.95602962375
235000.0,220973.09755675495
490000.0,334294.8864120692
1157400.0,1249906.0376853496
550000.0,369698.70607832074
950000.0,951340.3100548536
321500.0,491645.7468582243
650000.0,686493.7742982358
419000.0,389387.5350329429
720000.0,826634.1584651619
319000.0,401219.48501341045
550000.0,651567.4839441329
630000.0,816072.6978774071
465000.0,331951.33592635393
481203.0,437892.10797311366
280000.0,585527.2493382096
333490.0,363942.987693727
309600.0,94989.90845192969
275053.0,295097.58617803454
295000.0,361219.57622873783
710800.0,969256.0308236182
490000.0,558486.9237942994
336000.0,479028.5579571724
460000.0,642457.8005032539
640000.0,617245.1749380976
799000.0,912778.5199462026
440000.0,632726.0845810771
575000.0,644525.7782904506
307500.0,320381.05953261256
474000.0,312104.51748235524
380000.0,323387.23766195774
582500.0,337999.88464695215
200000.0,345448.270374164
309000.0,314997.1219625771
417000.0,250358.38803599775
240000.0,371738.136275962
895000.0,891760.6597808301
405000.0,508710.1106443107
835000.0,687515.2558558434
1025000.0,1120253.2628403902
626700.0,561399.5404212028
304000.0,373780.04335419834
317000.0,431177.8688284904
690000.0,467244.33318167925
928990.0,922477.6127894968
950000.0,623110.327179715
199950.0,252440.3142607063
482000.0,444647.06120187044
550000.0,540415.4444617778
210000.0,117257.64285838604
305000.0,141152.01936529577
620000.0,468509.12824065983
210000.0,189998.53437522054
369500.0,279571.99094595015
1800000.0,1552079.0539913625
1100000.0,1111667.3707857728
378000.0,483555.24049270153
185000.0,42980.472719714046
375000.0,346191.97407343984
390000.0,385731.67966127396
193000.0,184097.49879436195
335000.0,426762.81399299204
275000.0,394880.94921784103
243500.0,189119.6933335513
499950.0,446106.66981831193
260000.0,308125.39195171
505000.0,532078.6884118915
809000.0,813010.3637342304
964000.0,1162925.5900806934
1155000.0,1112407.733841613
300000.0,339745.2738174051
855000.0,730434.5890754312
495000.0,546184.9405674785
1300000.0,738861.1808745563
349500.0,338571.4026309401
575000.0,548732.429466933
428000.0,409559.5550238341
259500.0,263970.50010702014
426000.0,350103.38749819994
248000.0,488982.7014757544
265000.0,628313.3975483477
664000.0,584199.3024728149
414500.0,383344.8160458058
665000.0,685817.5684683323
772000.0,535774.5112071037
456500.0,509149.95666994154
210000.0,193861.44845966995
428000.0,431087.7327899784
204900.0,152946.73127615452
360000.0,632110.0170505494
900000.0,1194389.4353913516
308950.0,245702.74211855233
595000.0,517737.0095565319
269950.0,335344.7931431532
384000.0,447290.13875986636
315000.0,287116.974353075
839704.0,813766.9531586617
1200000.0,1499451.3892872185
371000.0,497902.2500987053
694000.0,654236.9350877404
535000.0,731604.3054348975
390000.0,263171.2204633951
337500.0,201442.05369657278
405100.0,192581.75036859512
1765000.0,1077709.4678055942
320000.0,579322.558184281
310000.0,194589.66534739733
550000.0,574191.9060954005
790000.0,714040.8269804865
238000.0,145076.19814676046
604000.0,580433.9773725271
223000.0,148073.34150204062
340000.0,486968.3680574894
429300.0,724001.9690399766
300000.0,384550.9500322789
425000.0,486950.2194439918
625000.0,751357.8353947997
285000.0,307030.7247746289
375000.0,383143.30661955476
503000.0,1492856.492761001
670000.0,487455.3224246055
460000.0,508521.8372634053
538888.0,467705.45699076355
225000.0,70029.21404404938
817250.0,794558.4983780682
535000.0,707498.3994749784
225000.0,248207.17842535675
342000.0,378642.5516040772
1050000.0,1059060.3637674004
295000.0,153492.71162487566
700000.0,485187.65032316744
542000.0,500339.5911785513
499950.0,427645.74498462677
201000.0,166279.13603670895
605000.0,1048889.7750503272
400000.0,392108.36100012064
370950.0,390497.0468815267
500000.0,566015.8232702315
848750.0,756055.2383180857
340000.0,322896.4782000184
475000.0,447434.8566620201
563500.0,419243.36222600937
912000.0,1062684.481857121
427000.0,572334.1322937012
450000.0,339781.0639000684
285000.0,318446.5326526165
550000.0,744845.7060610205
270000.0,327808.32073166966
262000.0,212431.90902131796
455000.0,418941.23347097635
830005.0,1207353.9532889575
315000.0,175841.89834144711
411500.0,674024.3043620884
588000.0,714855.3279988915
860000.0,778307.8872045875
558000.0,569346.5662955493
860000.0,585500.2070714235
535000.0,505422.9342471361
315000.0,544363.617459625
415000.0,536373.4272069186
660000.0,860698.2020792663
619500.0,570265.440150395
525000.0,738185.290455386
452100.0,819342.1717550308
449000.0,441964.94898052514
1250000.0,1083718.4315621406
1130000.0,1300211.346779272
435000.0,389847.9690721035
269950.0,325626.3530727029
719000.0,648324.1007743925
874000.0,807637.9834622145
799000.0,679913.0283877552
635000.0,600143.38525635
320000.0,327873.9540075511
255000.0,424239.8644069731
238000.0,143398.0809636116
585000.0,468541.77854660153
380000.0,346102.9764481783
915000.0,724990.4446962923
415000.0,603039.7417970449
290000.0,412984.06049378216
616000.0,747457.5621174425
747500.0,743795.3774345368
605000.0,570888.0057813972
368888.0,524372.8444235623
650000.0,800410.3563596457
359999.0,326373.93306064606
330000.0,361759.56177714467
505000.0,575637.228642568
500000.0,822244.1283073574
327500.0,353990.88943873346
550000.0,527427.8182363361
417500.0,375087.0240544528
279000.0,285697.19751757383
903000.0,380300.4846942425
798000.0,858254.7698869556
732000.0,720395.1873447001
390000.0,476170.80852644145
347500.0,200009.91166494787
236775.0,430295.47763103247
645000.0,585001.8703442067
535000.0,490155.7114017755
155000.0,135404.8242521882
3204000.0,1587782.500698477
870000.0,875065.5998687744
650000.0,1086942.0564279854
295000.0,387196.4974449426
585000.0,449398.9475809485
565000.0,1039212.2373372912
675000.0,634284.3375870883
2500000.0,1598611.106780544
412000.0,443986.5401611477
690000.0,651432.5704846084
495000.0,635643.3901780546
455000.0,498457.20697915554
588000.0,803115.1465685666
299000.0,274241.398899585
600000.0,577817.58524625
379000.0,448457.7854399532
1050000.0,735206.5837115049
525000.0,635268.9541783929
335000.0,159868.04014480114
452000.0,404471.8975148946
623000.0,627242.7237803787
354950.0,463780.0708346367
320000.0,376126.8713709563
595000.0,841683.5688763708
437500.0,463969.01992575824
349950.0,324989.0920891613
722800.0,1209944.453626588
575000.0,486038.26585289836
563250.0,374262.38529622555
510500.0,356229.0331783742
1325000.0,837674.5787990838
1000000.0,1211851.3855383247
699950.0,660963.4188267887
1000000.0,1127333.6951161772
657500.0,732101.0701508671
775000.0,248873.65360188484
350000.0,584851.7358555645
250000.0,691488.4459163845
215000.0,173451.56780940294
585000.0,400752.49857226014
677900.0,644873.1166581511
939000.0,1052339.026601255
355000.0,400654.0567045808
560000.0,507490.08857657015
250000.0,363600.1010039151
280000.0,395194.5718058795
400000.0,444816.9465238005
382000.0,473366.4440045655
406650.0,257973.99804243445
487000.0,603891.1985090673
397000.0,405845.7769590169
315000.0,305710.6185043305
266200.0,280515.08101044595
352500.0,511761.97206899524
705000.0,570633.740889743
229800.0,275670.1566783488
270000.0,249968.1933388412
262000.0,227376.18002262712
765000.0,764308.5420272648
183000.0,135209.00368839502
530000.0,276733.9441601485
275000.0,463689.4167429358
295500.0,346790.0207962096
497000.0,345053.5877467543
400000.0,361407.77535681427
1054690.0,834724.4769786894
325000.0,366914.7789505571
545000.0,647912.4517716169
305495.0,425180.379439801
545000.0,397352.992821455
650000.0,840056.6397556514
214000.0,311468.1988352239
1440000.0,775619.7561492473
402000.0,410267.98283565044
880000.0,1131278.463681087
564000.0,530465.1664273739
318400.0,205614.30950328708
325000.0,432778.67408427596
310000.0,79641.22337338328
382500.0,485325.88295964897
597000.0,846581.9791703522
335000.0,347178.1176059991
394500.0,556319.1853903979
295000.0,257180.77594792843
1100000.0,1410842.026803553
360000.0,428651.62472882867
628000.0,1064670.8223471045
249900.0,88158.30910179019
595000.0,439233.10425031185
266500.0,260391.67934641242
1600000.0,936234.3080309033
409124.0,601432.9715898931
785000.0,809038.5099442601
377500.0,215168.83829015493
255000.0,173258.6637341678
370000.0,514046.62050773203
165000.0,208731.02623865008
510000.0,527236.7764401138
865000.0,1010719.6144864857
1025000.0,1430431.4865407497
605000.0,651195.2530281246
872000.0,934361.9419561327
295000.0,310777.5320163369
332900.0,398018.8509106487
345000.0,145455.59338977933
119900.0,62757.77723246813
352500.0,484847.7516578436
982000.0,771324.0321235955
464000.0,712675.4283654094
224097.0,142161.9720351547
452000.0,621712.4961236119
826000.0,1023277.5789755732
1050000.0,1156514.8846002668
542500.0,869597.833107248
698000.0,1118267.3163957745
180500.0,271190.25031764805
460000.0,534619.171835959
306888.0,205383.74536637962
652427.0,694574.8330054432
195500.0,91565.02057488263
280005.0,230811.08988326788
899000.0,1059539.0261041224
305500.0,437870.7825496346
125000.0,341768.99931140244
382000.0,533202.0057228655
660000.0,705354.0103449523
1570000.0,1071599.7273852676
552000.0,397024.6150152683
419900.0,550169.3436504304
250275.0,116892.32412678003
315000.0,337428.6037840545
420250.0,444111.10078419745
295000.0,270482.4255197793
403500.0,685755.3884404153
459000.0,464558.61861653626
450000.0,611399.7601377219
1234580.0,1214024.4516437948
750000.0,1034265.6133827865
736500.0,902497.1390706599
299000.0,296051.0508404821
569000.0,963205.8455896676
438750.0,507551.9418550283
265000.0,310817.83482314646
710000.0,609358.185320273
334500.0,429038.8428453803
249000.0,170374.2568923235
245000.0,239395.9810937643
210750.0,397540.90435643494
190500.0,271223.39668031037
415000.0,467642.53328064084
523000.0,577424.5764534175
442573.0,479871.78016632795
497300.0,755331.6377204508
847000.0,758733.6374896169
590000.0,679486.08464849
450000.0,428886.9474478513
440000.0,604200.5938152969
269500.0,196313.10694645345
460000.0,380380.1210911274
453500.0,526552.4555180073
316000.0,380313.318893522
338000.0,460960.4077157229
585000.0,619616.4336861819
1635000.0,1228546.957902819
289900.0,134961.35141149163
462550.0,413269.8402750343
500000.0,481803.55642965436
535100.0,661545.2046115696
240000.0,257415.36338931322
608000.0,439864.97947496176
451000.0,610120.4497689903
302000.0,412043.6788737625
310650.0,340877.99633170664
319000.0,219285.70475883782
268000.0,347882.3821823746
528000.0,499791.5231914371
425000.0,288271.77030305564
282000.0,314075.3622658551
2300000.0,1095656.4921609014
199000.0,278695.6846564412
255000.0,220992.16897945106
465000.0,686498.4655538201
375000.0,527200.2922628969
425000.0,532043.9858720154
334950.0,276930.21936509013
546000.0,568567.0463646203
470000.0,413226.9776215106
199950.0,326191.4572901726
421000.0,539872.2311423272
230000.0,207691.67304202914
546000.0,638401.8873084635
197000.0,268556.6170452684
365000.0,256565.13341455162
707000.0,717903.7858156711
1236300.0,886868.1036038399
886000.0,901397.5543170422
359900.0,446137.6418773234
845000.0,552914.0215446055
395000.0,594635.1920400113
256000.0,242217.45661783218
250000.0,270366.2840319574
925000.0,862479.3262957484
390000.0,458393.20241214335
350000.0,511628.67738109827
413450.0,458906.4938881844
355000.0,519781.0547050983
367500.0,395362.90424607694
215000.0,321356.0246485323
1000000.0,1079964.4476453364
710000.0,798669.4077055901
230000.0,190652.77874447405
554990.0,658724.0739796013
450000.0,722964.4418647289
350000.0,318310.77229861915
382500.0,220093.2626823187
460940.0,634888.7562475353
445000.0,568970.9659578949
255000.0,215151.78777304292
309000.0,334203.53972557187
374500.0,548280.111456573
120750.0,188981.5218283981
1940000.0,1147652.8724060506
966000.0,1008835.7285672873
749950.0,442957.3040473312
840000.0,786993.4289084673
515000.0,680748.7492155433
235867.0,138728.44958473742
353000.0,423533.2420182228
643000.0,523627.49098050594
1500000.0,1251059.4625883996
434500.0,547335.2011977881
325000.0,269312.89535294473
440250.0,567635.2180069089
263000.0,208787.9821281582
408000.0,315247.9867287874
228000.0,348190.78079746664
439000.0,758174.1496249586
635000.0,653575.1812981665
543500.0,492155.3471544236
402000.0,549989.1985351592
846000.0,774261.4049319774
494815.0,396782.6577259749
345000.0,542223.7772563845
979000.0,666899.4138046652
465000.0,436488.6943743676
2050000.0,1317444.1245673
248500.0,134820.98804461956
570000.0,566296.0798360705
599950.0,540094.9960812479
855169.0,717239.0168749541
502000.0,407180.1825428456
515000.0,713584.3118083179
324950.0,259938.63451847434
2385000.0,1940819.6934672147
475000.0,625812.8531445265
133000.0,73510.62305267155
371000.0,391665.84322603047
279200.0,193727.25298404694
549000.0,524310.7964384258
475000.0,514029.1583737284
270000.0,303598.3531778306
202500.0,260641.15339003503
405000.0,302084.75237347186
419000.0,433693.08391061425
824000.0,717257.114232555
415000.0,691147.3490247577
495000.0,591366.3644245714
540000.0,605509.7004266977
446000.0,472478.43555136025
511718.0,519968.74497051537
265000.0,278052.535900861
392000.0,542239.2731380612
1100000.0,671669.8348402828
721000.0,606115.5973258168
236000.0,203063.93723858893
335000.0,389671.2583563775
345000.0,458638.1464085728
1955000.0,1690473.7820696533
354000.0,327740.2067233324
532000.0,510889.21558479965
311000.0,715096.3736014217
550000.0,457532.124730885
310000.0,220788.43738028407
380000.0,361875.1875217259
92000.0,-7795.990987196565
390000.0,327692.0074069798
449500.0,370362.6391085386
369950.0,311912.9520805627
716000.0,598682.4681124836
635000.0,726052.5233656019
930000.0,989955.967634365
710000.0,625416.0934054106
530000.0,502980.2828629315
445000.0,561739.328160733
735000.0,792510.9094539136
438000.0,355296.6768011898
502000.0,726720.8409215659
260000.0,280300.70342618227
400000.0,541574.3265049607
825000.0,825925.8017805964
557500.0,700876.9953968227
432500.0,516387.827112779
775000.0,910012.7800015062
315000.0,358594.94837240875
525000.0,809670.9018155336
226000.0,256123.67617575824
705000.0,519232.46369856596
210000.0,233707.90591153502
239950.0,393788.34585109353
425000.0,255840.10436668992
325000.0,576578.3093900234
405000.0,727486.9462297708
385000.0,474018.78268274665
375000.0,546630.4617756456
970000.0,369791.9094721675
439000.0,483846.48155379295
207000.0,389174.33601403236
593700.0,555609.3852625042
280000.0,469304.4441267103
356000.0,218553.7293253094
75000.0,-404615.7159873247
500000.0,673895.5055078417
735000.0,597269.0475895852
532000.0,486696.21024796367
400000.0,762623.2799789011
265000.0,412097.6708730012
800000.0,1297676.1862175316
370000.0,398782.9302443415
499500.0,575554.1076509655
364950.0,549365.8188757598
815000.0,635131.2780652046
430000.0,627626.6732005328
800000.0,820517.688549757
189000.0,64385.87954764068
255000.0,332771.654202193
199500.0,234457.29114872217
195000.0,87132.36223645508
1125000.0,850078.890924722
805000.0,777144.9339886308
1058800.0,983530.4498805851
709000.0,779006.2620506734
351000.0,382445.52177742124
608000.0,554005.7648738623
705000.0,681214.6359955817
212000.0,166517.01797309518
315000.0,452857.25124551356
392500.0,495479.8377517462
210000.0,158886.0692949444
615000.0,666870.2047834098
410000.0,363625.63762935996
417000.0,545740.5351776183
705000.0,762622.3264785558
684680.0,639750.5243728608
240000.0,298090.4184179008
329000.0,565056.8586622626
305000.0,269428.5785357058
208000.0,235936.25303685665
472500.0,786545.0617638677
725000.0,797604.4447835684
615000.0,633179.4054575711
319990.0,367943.5619196594
765000.0,870642.868050456
485000.0,628042.1153644472
245000.0,426898.2058465183
230000.0,200049.67005757987
349900.0,369638.76074790955
300000.0,551981.9453015774
524225.0,634777.81026043
354000.0,513381.3833504915
320000.0,305400.61997024715
431750.0,592948.0594862252
306950.0,234835.77490407228
405000.0,152499.70304615796
401750.0,323172.25058183074
287500.0,462180.7582256049
425000.0,449100.2109950334
530000.0,339300.69731350243
325000.0,270493.3439293057
318000.0,322213.3510660827
475000.0,351291.34883627295
760000.0,648592.5197787583
342000.0,222617.80174723268
355000.0,639673.6802712679
555000.0,551156.9222749174
1500000.0,1038299.6852944195
334000.0,385604.9668624401
258000.0,185035.8836492747
129888.0,92016.53383596241
375000.0,279850.9035074562
659000.0,530501.4747845083
818500.0,1097432.3726982325
775000.0,478650.989433676
680000.0,608144.3260086328
650000.0,839587.629607752
418000.0,516271.91213727
585000.0,617498.9371940643
264950.0,229542.34328511357
262500.0,261885.29060164094
433000.0,406726.09868238866
199990.0,31036.156215697527
399950.0,597111.3264368176
179500.0,38024.68258084357
935000.0,811016.7543193698
343566.0,278441.36262497306
419950.0,651573.1273355484
679950.0,757444.3361938447
410000.0,428824.65454517305
969950.0,882420.3235885054
742500.0,669774.4029346257
175000.0,53026.671863630414
680000.0,683214.379720375
625000.0,582666.6707216799
440000.0,304296.19920417666
730100.0,722999.2238660157
379770.0,339370.78589460254
124000.0,122413.38156406581
315000.0,342937.2141584605
124740.0,27981.924210309982
350000.0,210490.52693358064
483500.0,652777.1810623705
243000.0,362623.59087976813
460000.0,576532.1904579103
150000.0,161331.56292138994
329000.0,288440.48961272836
824000.0,1118400.177963242
305000.0,269992.8217615485
199950.0,40125.4497268945
650000.0,522290.7879125625
255000.0,89558.66044285893
1000000.0,712839.422164306
415000.0,557087.7986974865
349950.0,293367.2658954561
315000.0,353031.4784851074
512500.0,393464.9527453333
160000.0,136441.10327471793
467000.0,497879.1953994781
384000.0,322566.53924007714
375000.0,461795.690170154
710000.0,1124951.231262952
410000.0,477497.8566367775
1028950.0,996268.338390708
257000.0,299473.3699416965
657044.0,790617.7496379912
267000.0,245750.18199309707
600000.0,629329.9020765126
360000.0,366112.62498272955
1065000.0,983340.020668447
240000.0,376955.32494212687
324500.0,385425.5790440589
1325000.0,1086356.5934377015
230000.0,104238.45972175896
456000.0,467268.49155703187
510000.0,774116.5308517516
376000.0,623240.5414056331
253101.0,105128.62357234955
250000.0,293018.00541538
1500000.0,1029489.4941654503
400000.0,582433.8118312359
345000.0,593434.5400960743
175003.0,208058.36495785415
329950.0,341699.17400836945
1010000.0,836414.7817716599
738000.0,822909.4180297256
515000.0,490339.5267853886
406550.0,476535.2455162704
349950.0,372854.6693854034
555000.0,601284.1437533796
865000.0,877213.3587948084
768500.0,860492.4983775318
550000.0,492908.37257537246
615000.0,572692.2370403558
303100.0,418129.8204507679
619500.0,460784.97348344326
292000.0,368235.51012168825
459000.0,412599.71107670665
415000.0,211040.87542448938
1250000.0,1233470.6910433322
345000.0,324908.80082435906
335000.0,320120.01944603026
495000.0,557544.0944239795
515000.0,448074.87467475235
394950.0,327387.96938188374
390000.0,360318.4272585809
459000.0,514600.9599955529
700000.0,1251988.5673590899
921000.0,979857.323885113
361000.0,552564.4661555737
415000.0,371454.7260670662
425590.0,538256.3733765036
442500.0,576973.0598732084
530000.0,659634.6364322156
196700.0,213736.53999190032
472217.0,401950.8251249343
245000.0,237229.25958165526
298700.0,450582.4237231016
305000.0,480381.92582564056
467100.0,396109.86492551863
607000.0,383141.6516183764
195000.0,-13654.474159002304
265000.0,259843.11519284546
379000.0,472708.21863755584
367950.0,648689.9088983387
668500.0,671681.224613294
235000.0,249319.4817803204
500000.0,562337.0556275696
533000.0,516279.1205943972
723000.0,602058.4567958266
667750.0,479964.8461383432
410000.0,477340.01174357533
260000.0,229909.49330039322
295450.0,505215.4373216182
465000.0,414514.6338236928
380000.0,602119.8685028404
500000.0,625937.5439574867
472000.0,469734.906415239
575000.0,836258.6970752329
314950.0,205424.35408072174
550000.0,452118.64985753596
515000.0,635544.7483410835
375000.0,303312.1905242801
711000.0,724490.3911251724
477000.0,419726.9873049706
660000.0,567167.620806843
930000.0,959145.743917197
603500.0,650953.9644884318
680000.0,597257.2488338202
440000.0,399069.80864980817
750000.0,527099.2643575966
548000.0,560500.2880963534
315000.0,190051.5529718846
386000.0,530835.955017373
449888.0,635056.0523694605
370000.0,345745.7398315966
509000.0,623196.0851458609
363000.0,252231.1265077442
345000.0,308888.7141703814
522000.0,477291.6174005121
377500.0,462599.89795798063
149500.0,80937.92925670743
395000.0,516060.1055447757
336000.0,393666.7040501833
259000.0,212103.76317197084
182500.0,145469.0127724111
168000.0,55778.710027232766
282000.0,131079.2136593461
551100.0,430878.340394631
227064.0,496866.6638921499
791500.0,611675.6788754612
299000.0,212168.85115899146
281000.0,114888.34176766872
826600.0,903148.5319460034
280000.0,133515.62525509298
1460000.0,1427724.3566036224
850000.0,1113406.2047004849
380500.0,440980.3381037712
3100000.0,2024169.4086185545
297950.0,271131.99834650755
603000.0,482815.6255028993
635000.0,681181.8423430771
325000.0,288269.60290154815
260000.0,492152.6570609361
750000.0,864946.3314368278
567500.0,496159.65276534855
650000.0,524508.4239615202
545000.0,332532.49749191105
458450.0,343161.5857973695
438000.0,555817.1924138367
530000.0,535842.3210444301
550000.0,550965.2105635703
213000.0,255433.9025093168
475000.0,375385.53466294706
599500.0,501006.0390550643
585000.0,632302.118430227
423500.0,596281.4723888487
735000.0,762967.1867327988
594000.0,527181.7367504388
500000.0,584272.8538991362
299000.0,474511.88270547986
750000.0,832927.9860415906
475000.0,420624.91801314056
502000.0,565296.8280554265
515000.0,493219.7434961647
428000.0,349444.9663733542
518000.0,691573.6716152579
317625.0,751043.7318678647
442500.0,520090.85642807186
870000.0,747358.9372269958
459000.0,394788.33787861466
343000.0,243110.57559414208
633000.0,740506.574324593
269950.0,232039.9973911196
429000.0,282132.3320809454
539500.0,787298.7557648718
285000.0,262609.1341454685
279000.0,316043.1710395813
555000.0,626583.6920924187
380000.0,419018.4653561115
339000.0,206375.84567706287
723000.0,916115.8823591024
600000.0,908356.5961982906
174950.0,38709.615393564105
1339000.0,1181906.757877931
480000.0,360379.00379800797
320000.0,336423.62309139967
332500.0,278721.0043939203
600000.0,659684.7750526816
397000.0,353765.29136793315
497000.0,362913.53145973384
225000.0,190056.35058172047
2400000.0,1481509.4106827825
330000.0,141361.12820783257
406430.0,332305.79726555943
385000.0,393334.09417791665
769000.0,977098.530823499
660000.0,676405.215444237
459950.0,641247.9851561934
395000.0,484299.51852044463
429900.0,537188.4614234269
300000.0,281497.4911329448
560000.0,570973.7601441443
227000.0,49597.44290737808
700000.0,634325.1582981944
796000.0,698766.481778279
390000.0,380085.35073401034
722500.0,968842.9945612699
524000.0,329673.1686280817
408000.0,461615.6457643807
315000.0,639881.5839165449
643002.0,589233.8865736723
277500.0,338638.2000798583
1260000.0,1096323.7805901468
1068000.0,1105095.0456954986
337000.0,575669.2395616323
753000.0,812320.1591677517
484000.0,495043.2546043545
518000.0,464797.99990549684
1164000.0,1088904.0737523884
305000.0,375227.6969631165
825000.0,1087940.9111879766
2903000.0,1941836.9663350582
423000.0,438183.83673757315
452000.0,416532.86897702515
459990.0,449267.17253376544
345000.0,298013.3849477321
530000.0,458091.1854286194
510000.0,424090.7654390931
366750.0,490267.4477647543
565000.0,549307.4595400691
353000.0,368820.37750063837
622500.0,624451.3504719138
700000.0,611159.8096342236
773000.0,631071.4689921588
185000.0,161355.81259132922
378500.0,332354.3995562941
452500.0,367569.8969171941
385000.0,236065.5936781913
559950.0,571511.9447486997
770000.0,716919.3903222531
255000.0,134493.31724099815
180000.0,-142297.68513603508
258305.0,221474.59501190484
425000.0,456745.10270282626
458500.0,449600.33787982166
594000.0,338551.0792223662
367500.0,536021.3320651054
329950.0,526883.2978252769
450000.0,560793.2015681118
325000.0,423613.16738657653
279000.0,137051.2639274299
450000.0,504804.95416788757
575000.0,784513.907091558
230000.0,238980.75039979815
385000.0,269196.853149727
304000.0,326637.96008069813
690000.0,651195.5649655461
274000.0,330982.91960321367
257000.0,203116.7633933723
450000.0,508585.4976685494
1005000.0,1313918.0713486671
375000.0,272121.65264312923
500000.0,733433.113790825
675000.0,616046.692227006
203000.0,194613.97540664673
441000.0,654511.9305934161
347000.0,441826.63343946636
325000.0,458962.6225001961
163500.0,76289.94867427647
780000.0,847349.5845428556
260000.0,325857.9662938416
865000.0,967151.4451118857
1385000.0,1047121.435597688
338000.0,423075.3730992526
869000.0,905780.4187026322
280000.0,226123.4765612483
376500.0,566026.5422644019
1015000.0,662043.6394627839
1250000.0,796335.2759694159
447000.0,284151.9877169132
530000.0,513024.8396677226
595000.0,885942.1768697053
375000.0,612541.3459170163
250000.0,265113.4690235555
201500.0,215424.29730528593
247500.0,296999.0535828024
224000.0,245026.13237412274
825000.0,572758.2683737874
427500.0,482393.5442315787
545000.0,417538.41974008083
435000.0,316226.19184343517
323000.0,382003.00704570115
812000.0,638441.6064460427
790000.0,573149.5405432582
425000.0,396095.88824789226
545000.0,491955.405092448
732000.0,767192.9264023304
265000.0,217174.5629014969
695000.0,764867.1256114393
433500.0,482306.73710745573
530000.0,474681.5979731381
671300.0,664093.4033515602
832500.0,995058.5445041806
450000.0,383735.310843274
550000.0,1150236.9103126377
950000.0,919730.1312453747
425000.0,460325.0726901144
835000.0,859713.3046836853
342000.0,360763.7152123749
467000.0,430227.9615602344
349950.0,484592.8908883035
573000.0,616717.1093498915
390500.0,234549.44738842547
675000.0,626636.1652104855
340000.0,440491.53480292857
374000.0,465182.6038069725
295000.0,566138.7529058456
734000.0,853909.2451708615
250000.0,164257.53495784104
160000.0,170854.04045325518
416286.0,422219.5660696626
229000.0,380890.0341928601
480000.0,325951.91533339024
230000.0,284868.2974820584
445000.0,598390.4057672024
394000.0,368842.25441621244
180000.0,-42240.77449306846
1039000.0,888891.3669342995
303000.0,107980.12193661928
959000.0,1219603.7086459845
550000.0,428222.54341225326
498445.0,653442.5478334129
475000.0,498420.77107430995
725000.0,794980.2484275699
455000.0,471887.81803651154
560000.0,537542.4863280952
888550.0,1067136.0796257854
245000.0,202115.47394764423
229950.0,388706.1695405394
325000.0,483762.65204168856
425000.0,144588.29762886465
675000.0,618370.4162739068
635000.0,1087357.7094568312
900000.0,795433.808019802
678500.0,474368.5151223093
247500.0,200550.92974324524
924000.0,781037.5771909952
507950.0,654904.1126069427
367500.0,706930.6302153468
340000.0,458724.76640062034
543200.0,635013.724126324
870000.0,824214.6615734547
495000.0,394236.869256407
352500.0,641919.0970370471
635000.0,481409.9311854243
470000.0,738302.8782360703
540400.0,508853.5190692842
577000.0,588874.442818448
353950.0,629984.4518682063
354000.0,481313.57468925416
835000.0,1170964.3480021954
257200.0,338308.4020818323
272167.0,312766.68275280297
436000.0,445453.6586394906
280000.0,197817.29658819735
720168.0,654736.4339384437
456000.0,566137.5696755648
853505.0,1099643.0270706862
653000.0,773186.2673628926
210000.0,323410.11415442824
506000.0,575104.9765690714
340000.0,446121.8690060675
169500.0,31167.81239695847
370000.0,459190.84990245104
245000.0,527320.6459584385
340000.0,214920.61188609898
2750000.0,1914958.1204641312
1050000.0,881965.430806011
295000.0,312503.3660585433
1030000.0,1039572.1832356155
200000.0,324955.4568493664
1168000.0,834023.3949335515
326995.0,256228.78883084655
975000.0,872091.5373302698
300000.0,257796.74738575518
580000.0,637740.6071288735
685000.0,685546.8281950057
272925.0,494986.19646553695
476500.0,434630.28311900795
596000.0,501394.2396221608
650000.0,533989.8743398637
290000.0,353040.90360061824
615000.0,633516.2714241445
399950.0,498831.77817320824
275000.0,399435.11257477105
800000.0,701944.6536630392
294000.0,540042.6098429561
332000.0,567525.684941858
790000.0,808296.0140012056
635000.0,616993.7091240883
849000.0,852270.4695204645
358000.0,248442.65520706773
270000.0,165909.1882108301
649950.0,495409.71325689554
241500.0,216837.93380144238
778000.0,821492.77835235
237000.0,331943.00051626563
385100.0,278642.7256785035
569950.0,636235.871628806
245000.0,290042.65872325003
447000.0,358920.51556135714
530000.0,421366.10785138607
265000.0,359660.71373318136
850000.0,1155757.2883874178
575950.0,441860.65503819287
625000.0,506643.38203419745
970000.0,872831.8173510432
507250.0,489743.36530920863
380000.0,567860.4932549894
675000.0,762919.1527557373
375000.0,316965.0315435529
581000.0,636573.7609381825
560000.0,515692.76265242696
667400.0,764099.5420916528
620000.0,554742.0792679936
700000.0,684539.9931229651
329000.0,253021.06252999604
185000.0,173357.11348727345
369000.0,302286.3445138037
555000.0,801751.0732795596
363500.0,569170.5543165505
397990.0,386346.3418479115
320000.0,325800.8539530337
299800.0,262227.7182855606
251100.0,254755.51453575492
400000.0,534613.2971489877
402000.0,549771.1195890754
222000.0,56159.51047308743
355000.0,397742.5407446474
643000.0,544845.7586511075
267000.0,214193.37430617213
907687.0,787234.5875815451
1629000.0,980461.5035023689
362500.0,567451.2962398082
559950.0,563387.0419870913
475000.0,600221.2461617589
439995.0,524698.9692707658
349000.0,366548.3746023178
382000.0,475395.69056403637
385000.0,630050.1501584053
475000.0,457081.13305811584
300000.0,348089.9988153875
345000.0,346363.24872620404
